{
  "hash": "195b3b0c",
  "configHash": "89e74297",
  "lockfileHash": "c78f257b",
  "browserHash": "528d9262",
  "optimized": {
    "@angular/common": {
      "src": "../../../../../node_modules/@angular/common/fesm2022/common.mjs",
      "file": "@angular_common.js",
      "fileHash": "6d963636",
      "needsInterop": false
    },
    "@angular/common/http": {
      "src": "../../../../../node_modules/@angular/common/fesm2022/http.mjs",
      "file": "@angular_common_http.js",
      "fileHash": "a321cb61",
      "needsInterop": false
    },
    "@angular/core": {
      "src": "../../../../../node_modules/@angular/core/fesm2022/core.mjs",
      "file": "@angular_core.js",
      "fileHash": "af408da6",
      "needsInterop": false
    },
    "@angular/forms": {
      "src": "../../../../../node_modules/@angular/forms/fesm2022/forms.mjs",
      "file": "@angular_forms.js",
      "fileHash": "f0a5dd5b",
      "needsInterop": false
    },
    "@angular/platform-browser": {
      "src": "../../../../../node_modules/@angular/platform-browser/fesm2022/platform-browser.mjs",
      "file": "@angular_platform-browser.js",
      "fileHash": "5c011430",
      "needsInterop": false
    },
    "@angular/router": {
      "src": "../../../../../node_modules/@angular/router/fesm2022/router.mjs",
      "file": "@angular_router.js",
      "fileHash": "ef84e5bc",
      "needsInterop": false
    },
    "rxjs/operators": {
      "src": "../../../../../node_modules/rxjs/dist/esm5/operators/index.js",
      "file": "rxjs_operators.js",
      "fileHash": "39b1822b",
      "needsInterop": false
    }
  },
  "chunks": {
    "chunk-GHNIREQJ": {
      "file": "chunk-GHNIREQJ.js"
    },
    "chunk-UP4FZB4V": {
      "file": "chunk-UP4FZB4V.js"
    },
    "chunk-QCD7R6WY": {
      "file": "chunk-QCD7R6WY.js"
    },
    "chunk-MLEBUH3X": {
      "file": "chunk-MLEBUH3X.js"
    },
    "chunk-OA3ZIIAD": {
      "file": "chunk-OA3ZIIAD.js"
    }
  }
}