﻿[
    {
        "code":  "SEA001",
        "name":  "Seattle Weekend",
        "price":  499,
        "nights":  2,
        "img":  "/images/first-class.jpg",
        "summary":  "Quick getaway with Pike Place, ferries, and coffee."
    },
    {
        "code":  "NYC004",
        "name":  "New York Highlights",
        "price":  899,
        "nights":  3,
        "img":  "/images/deluxe.jpg",
        "summary":  "Broadway, Central Park, and skyline views packed in 3 nights."
    },
    {
        "code":  "HNL007",
        "name":  "Honolulu Escape",
        "price":  1499,
        "nights":  5,
        "img":  "/images/buffet.jpg",
        "summary":  "Sun, surf, and food tours across Oahu."
    }
]
